{
  "name": "classwork3_3_9",
  "type": "C51",
  "dependenceList": [],
  "srcDirs": [
    "src"
  ],
  "outDir": "build",
  "virtualFolder": {
    "name": "<virtual_root>",
    "files": [],
    "folders": []
  },
  "miscInfo": {
    "uid": "22925f572804bb43561b8df621984c2c"
  },
  "targets": {
    "Release": {
      "excludeList": [],
      "toolchain": "Keil_C51",
      "compileConfig": {
        "options": ""
      },
      "uploader": "stcgal",
      "uploadConfig": {
        "bin": "",
        "eepromImgPath": "null",
        "extraOptions": "",
        "options": ".eide/stc.flash.json"
      },
      "uploadConfigMap": {
        "Custom": {
          "bin": "",
          "commandLine": "python ./tools/stcflash.py -p ${port} \"${hexFile}\"",
          "eraseChipCommand": ""
        }
      },
      "custom_dep": {
        "name": "default",
        "incList": [],
        "libList": [],
        "defineList": []
      },
      "builderOptions": {
        "Keil_C51": {
          "version": 2,
          "beforeBuildTasks": [],
          "afterBuildTasks": [],
          "global": {
            "ram-mode": "SMALL",
            "rom-mode": "LARGE"
          },
          "c/cpp-compiler": {
            "optimization-type": "SPEED",
            "optimization-level": "level-8"
          },
          "asm-compiler": {},
          "linker": {
            "remove-unused": true,
            "output-format": "elf"
          }
        }
      }
    }
  },
  "version": "3.5",
  "deviceName": null,
  "packDir": null
}